{"objects":[{"name":"Ground","material":{"diffuse":[0.5803921818733215,0.5803921818733215,0.5803921818733215],"ambient":[0.10000000149011612,0.10000000149011612,0.10000000149011612],"specular":[0.10000000149011612,0.10000000149011612,0.10000000149011612],"n":12,"alpha":1,"shaderType":2,"diffuseTexture":{"texture":{},"name":"space_seamless.jpg"},"normalTexture":{"texture":{},"name":"defaultNormal.jpg"}},"type":"plane","position":[0,0,0],"scale":[20,1,20],"rotation":[1,0,0,0,0,1,0,0,0,0,1,0,0,0,0,1],"rotationEulers":{"x":0,"y":0,"z":0},"parent":null,"model":null},{"name":"Player","material":{"diffuse":[1,1,1],"ambient":[0.10000000149011612,0.10000000149011612,0.10000000149011612],"specular":[0.10000000149011612,0.10000000149011612,0.10000000149011612],"n":12,"alpha":1,"shaderType":0,"diffuseTexture":{"texture":{},"name":"craneIconTealInverse.png"},"normalTexture":{"texture":{},"name":"defaultNormal.jpg"}},"type":"cube","position":[0,0.25,0],"scale":[1,1,1],"rotation":[1,0,0,0,0,1,0,0,0,0,1,0,0,0,0,1],"rotationEulers":{"x":0,"y":0,"z":0},"parent":null,"model":null},{"name":"platform001","material":{"diffuse":[0.9529411792755127,0.5098039507865906,0.9372549057006836],"ambient":[0.10000000149011612,0.10000000149011612,0.10000000149011612],"specular":[0.10000000149011612,0.10000000149011612,0.10000000149011612],"n":12,"alpha":1,"shaderType":1,"diffuseTexture":{"texture":{},"name":"moss-meets-stone.jpg"},"normalTexture":{"texture":{},"name":"defaultNormal.jpg"}},"type":"cube","position":[0,2,3],"scale":[2,0.5,2],"rotation":[1,0,0,0,0,1,0,0,0,0,1,0,0,0,0,1],"rotationEulers":{"x":0,"y":0,"z":0},"parent":null,"model":null},{"name":"platform002","material":{"diffuse":[0.9529411792755127,0.5098039507865906,0.9372549057006836],"ambient":[0.10000000149011612,0.10000000149011612,0.10000000149011612],"specular":[0.10000000149011612,0.10000000149011612,0.10000000149011612],"n":12,"alpha":1,"shaderType":1,"diffuseTexture":{"texture":{},"name":"moss-meets-stone.jpg"},"normalTexture":{"texture":{},"name":"defaultNormal.jpg"}},"type":"cube","position":[-3,4,3],"scale":[2,0.5,2],"rotation":[1,0,0,0,0,1,0,0,0,0,1,0,0,0,0,1],"rotationEulers":{"x":0,"y":0,"z":0},"parent":null,"model":null},{"name":"platform003","material":{"diffuse":[0.9529411792755127,0.5098039507865906,0.9372549057006836],"ambient":[0.10000000149011612,0.10000000149011612,0.10000000149011612],"specular":[0.10000000149011612,0.10000000149011612,0.10000000149011612],"n":12,"alpha":1,"shaderType":1,"diffuseTexture":{"texture":{},"name":"craneIconTealInverse.png"},"normalTexture":{"texture":{},"name":"defaultNormal.jpg"}},"type":"cube","position":[-4,6,0],"scale":[2,0.5,2],"rotation":[1,0,0,0,0,1,0,0,0,0,1,0,0,0,0,1],"rotationEulers":{"x":0,"y":0,"z":0},"parent":null,"model":null},{"name":"platform004","material":{"diffuse":[0.9529411792755127,0.5098039507865906,0.9372549057006836],"ambient":[0.10000000149011612,0.10000000149011612,0.10000000149011612],"specular":[0.10000000149011612,0.10000000149011612,0.10000000149011612],"n":12,"alpha":1,"shaderType":1,"diffuseTexture":{"texture":{},"name":"moss-meets-stone.jpg"},"normalTexture":{"texture":{},"name":"defaultNormal.jpg"}},"type":"cube","position":[2,6,0],"scale":[2,0.5,2],"rotation":[1,0,0,0,0,1,0,0,0,0,1,0,0,0,0,1],"rotationEulers":{"x":0,"y":0,"z":0},"parent":null,"model":null},{"name":"platform005","material":{"diffuse":[0.9529411792755127,0.5098039507865906,0.9372549057006836],"ambient":[0.10000000149011612,0.10000000149011612,0.10000000149011612],"specular":[0.10000000149011612,0.10000000149011612,0.10000000149011612],"n":12,"alpha":1,"shaderType":1,"diffuseTexture":{"texture":{},"name":"moss-meets-stone.jpg"},"normalTexture":{"texture":{},"name":"defaultNormal.jpg"}},"type":"cube","position":[4,7,0],"scale":[2,0.5,2],"rotation":[1,0,0,0,0,1,0,0,0,0,1,0,0,0,0,1],"rotationEulers":{"x":0,"y":0,"z":0},"parent":null,"model":null},{"name":"platform006","material":{"diffuse":[0.9529411792755127,0.5098039507865906,0.9372549057006836],"ambient":[0.10000000149011612,0.10000000149011612,0.10000000149011612],"specular":[0.10000000149011612,0.10000000149011612,0.10000000149011612],"n":12,"alpha":1,"shaderType":1,"diffuseTexture":{"texture":{},"name":"craneIconTealInverse.png"},"normalTexture":{"texture":{},"name":"defaultNormal.jpg"}},"type":"cube","position":[1,9,-2],"scale":[2,0.5,2],"rotation":[1,0,0,0,0,1,0,0,0,0,1,0,0,0,0,1],"rotationEulers":{"x":0,"y":0,"z":0},"parent":null,"model":null},{"name":"platform007","material":{"diffuse":[0.9529411792755127,0.5098039507865906,0.9372549057006836],"ambient":[0.10000000149011612,0.10000000149011612,0.10000000149011612],"specular":[0.10000000149011612,0.10000000149011612,0.10000000149011612],"n":12,"alpha":1,"shaderType":1,"diffuseTexture":{"texture":{},"name":"craneIconTealInverse.png"},"normalTexture":{"texture":{},"name":"defaultNormal.jpg"}},"type":"cube","position":[-1,5,-3],"scale":[2,0.5,2],"rotation":[1,0,0,0,0,1,0,0,0,0,1,0,0,0,0,1],"rotationEulers":{"x":0,"y":0,"z":0},"parent":null,"model":null},{"name":"platform008","material":{"diffuse":[0.9529411792755127,0.5098039507865906,0.9372549057006836],"ambient":[0.10000000149011612,0.10000000149011612,0.10000000149011612],"specular":[0.10000000149011612,0.10000000149011612,0.10000000149011612],"n":12,"alpha":1,"shaderType":1,"diffuseTexture":{"texture":{},"name":"craneIconTealInverse.png"},"normalTexture":{"texture":{},"name":"defaultNormal.jpg"}},"type":"cube","position":[-3,11,-4],"scale":[2,0.5,2],"rotation":[1,0,0,0,0,1,0,0,0,0,1,0,0,0,0,1],"rotationEulers":{"x":0,"y":0,"z":0},"parent":null,"model":null},{"name":"platform009","material":{"diffuse":[0.9529411792755127,0.5098039507865906,0.9372549057006836],"ambient":[0.10000000149011612,0.10000000149011612,0.10000000149011612],"specular":[0.10000000149011612,0.10000000149011612,0.10000000149011612],"n":12,"alpha":1,"shaderType":1,"diffuseTexture":{"texture":{},"name":"craneIconTealInverse.png"},"normalTexture":{"texture":{},"name":"defaultNormal.jpg"}},"type":"cube","position":[0,13,0],"scale":[2,0.5,2],"rotation":[1,0,0,0,0,1,0,0,0,0,1,0,0,0,0,1],"rotationEulers":{"x":0,"y":0,"z":0},"parent":null,"model":null},{"name":"platform010","material":{"diffuse":[1,0.95686274766922,0.501960813999176],"ambient":[0.10000000149011612,0.10000000149011612,0.10000000149011612],"specular":[0.10000000149011612,0.10000000149011612,0.10000000149011612],"n":12,"alpha":1,"shaderType":0,"diffuseTexture":{"texture":{},"name":"craneIconTealInverse.png"},"normalTexture":{"texture":{},"name":"defaultNormal.jpg"}},"type":"cube","position":[0,15,4],"scale":[3,0.5,3],"rotation":[1,0,0,0,0,1,0,0,0,0,1,0,0,0,0,1],"rotationEulers":{"x":0,"y":0,"z":0},"parent":null,"model":null},{"name":"platform011","material":{"diffuse":[0.9529411792755127,0.5098039507865906,0.9372549057006836],"ambient":[0.10000000149011612,0.10000000149011612,0.10000000149011612],"specular":[0.10000000149011612,0.10000000149011612,0.10000000149011612],"n":12,"alpha":1,"shaderType":1,"diffuseTexture":{"texture":{},"name":"craneIconTealInverse.png"},"normalTexture":{"texture":{},"name":"defaultNormal.jpg"}},"type":"cube","position":[0,16,0],"scale":[1.5,0.5,3],"rotation":[1,0,0,0,0,1,0,0,0,0,1,0,0,0,0,1],"rotationEulers":{"x":0,"y":0,"z":0},"parent":null,"model":null},{"name":"platform012","material":{"diffuse":[0.9529411792755127,0.5098039507865906,0.9372549057006836],"ambient":[0.10000000149011612,0.10000000149011612,0.10000000149011612],"specular":[0.10000000149011612,0.10000000149011612,0.10000000149011612],"n":12,"alpha":1,"shaderType":1,"diffuseTexture":{"texture":{},"name":"craneIconTealInverse.png"},"normalTexture":{"texture":{},"name":"defaultNormal.jpg"}},"type":"cube","position":[0,18,-4],"scale":[2,0.5,2],"rotation":[1,0,0,0,0,1,0,0,0,0,1,0,0,0,0,1],"rotationEulers":{"x":0,"y":0,"z":0},"parent":null,"model":null},{"name":"platform013","material":{"diffuse":[0.9529411792755127,0.5098039507865906,0.9372549057006836],"ambient":[0.10000000149011612,0.10000000149011612,0.10000000149011612],"specular":[0.10000000149011612,0.10000000149011612,0.10000000149011612],"n":12,"alpha":1,"shaderType":1,"diffuseTexture":{"texture":{},"name":"craneIconTealInverse.png"},"normalTexture":{"texture":{},"name":"defaultNormal.jpg"}},"type":"cube","position":[0,20,0],"scale":[2,0.5,2],"rotation":[1,0,0,0,0,1,0,0,0,0,1,0,0,0,0,1],"rotationEulers":{"x":0,"y":0,"z":0},"parent":null,"model":null},{"name":"platform014","material":{"diffuse":[0.9529411792755127,0.5098039507865906,0.9372549057006836],"ambient":[0.10000000149011612,0.10000000149011612,0.10000000149011612],"specular":[0.10000000149011612,0.10000000149011612,0.10000000149011612],"n":12,"alpha":1,"shaderType":1,"diffuseTexture":{"texture":{},"name":"craneIconTealInverse.png"},"normalTexture":{"texture":{},"name":"defaultNormal.jpg"}},"type":"cube","position":[-3,22,3],"scale":[2,0.5,2],"rotation":[1,0,0,0,0,1,0,0,0,0,1,0,0,0,0,1],"rotationEulers":{"x":0,"y":0,"z":0},"parent":null,"model":null},{"name":"platform015","material":{"diffuse":[0.9529411792755127,0.5098039507865906,0.9372549057006836],"ambient":[0.10000000149011612,0.10000000149011612,0.10000000149011612],"specular":[0.10000000149011612,0.10000000149011612,0.10000000149011612],"n":12,"alpha":1,"shaderType":1,"diffuseTexture":{"texture":{},"name":"craneIconTealInverse.png"},"normalTexture":{"texture":{},"name":"defaultNormal.jpg"}},"type":"cube","position":[-2,24,-1],"scale":[2,0.5,2],"rotation":[1,0,0,0,0,1,0,0,0,0,1,0,0,0,0,1],"rotationEulers":{"x":0,"y":0,"z":0},"parent":null,"model":null},{"name":"platform016","material":{"diffuse":[0.9529411792755127,0.5098039507865906,0.9372549057006836],"ambient":[0.10000000149011612,0.10000000149011612,0.10000000149011612],"specular":[0.10000000149011612,0.10000000149011612,0.10000000149011612],"n":12,"alpha":1,"shaderType":1,"diffuseTexture":{"texture":{},"name":"craneIconTealInverse.png"},"normalTexture":{"texture":{},"name":"defaultNormal.jpg"}},"type":"cube","position":[2,26,-1],"scale":[2,0.5,1],"rotation":[1,0,0,0,0,1,0,0,0,0,1,0,0,0,0,1],"rotationEulers":{"x":0,"y":0,"z":0},"parent":null,"model":null},{"name":"platform017","material":{"diffuse":[0.9529411792755127,0.5098039507865906,0.9372549057006836],"ambient":[0.10000000149011612,0.10000000149011612,0.10000000149011612],"specular":[0.10000000149011612,0.10000000149011612,0.10000000149011612],"n":12,"alpha":1,"shaderType":1,"diffuseTexture":{"texture":{},"name":"craneIconTealInverse.png"},"normalTexture":{"texture":{},"name":"defaultNormal.jpg"}},"type":"cube","position":[-2,28,-1],"scale":[2,0.5,2],"rotation":[1,0,0,0,0,1,0,0,0,0,1,0,0,0,0,1],"rotationEulers":{"x":0,"y":0,"z":0},"parent":null,"model":null},{"name":"platform018","material":{"diffuse":[0.9529411792755127,0.5098039507865906,0.9372549057006836],"ambient":[0.10000000149011612,0.10000000149011612,0.10000000149011612],"specular":[0.10000000149011612,0.10000000149011612,0.10000000149011612],"n":12,"alpha":1,"shaderType":1,"diffuseTexture":{"texture":{},"name":"craneIconTealInverse.png"},"normalTexture":{"texture":{},"name":"defaultNormal.jpg"}},"type":"cube","position":[-2,30,3],"scale":[2,0.5,2],"rotation":[1,0,0,0,0,1,0,0,0,0,1,0,0,0,0,1],"rotationEulers":{"x":0,"y":0,"z":0},"parent":null,"model":null},{"name":"platform019","material":{"diffuse":[0.9529411792755127,0.5098039507865906,0.9372549057006836],"ambient":[0.10000000149011612,0.10000000149011612,0.10000000149011612],"specular":[0.10000000149011612,0.10000000149011612,0.10000000149011612],"n":12,"alpha":1,"shaderType":1,"diffuseTexture":{"texture":{},"name":"craneIconTealInverse.png"},"normalTexture":{"texture":{},"name":"defaultNormal.jpg"}},"type":"cube","position":[1,32,1],"scale":[2,0.5,2],"rotation":[1,0,0,0,0,1,0,0,0,0,1,0,0,0,0,1],"rotationEulers":{"x":0,"y":0,"z":0},"parent":null,"model":null},{"name":"platform020","material":{"diffuse":[1,0.95686274766922,0.501960813999176],"ambient":[0.10000000149011612,0.10000000149011612,0.10000000149011612],"specular":[0.10000000149011612,0.10000000149011612,0.10000000149011612],"n":12,"alpha":1,"shaderType":0,"diffuseTexture":{"texture":{},"name":"craneIconTealInverse.png"},"normalTexture":{"texture":{},"name":"defaultNormal.jpg"}},"type":"cube","position":[-2,34,-1],"scale":[3,0.5,3],"rotation":[1,0,0,0,0,1,0,0,0,0,1,0,0,0,0,1],"rotationEulers":{"x":0,"y":0,"z":0},"parent":null,"model":null},{"name":"platform021","material":{"diffuse":[0.49803921580314636,0.9490196108818054,0.4901960790157318],"ambient":[0.10000000149011612,0.10000000149011612,0.10000000149011612],"specular":[0.10000000149011612,0.10000000149011612,0.10000000149011612],"n":12,"alpha":1,"shaderType":1,"diffuseTexture":{"texture":{},"name":"craneIconTealInverse.png"},"normalTexture":{"texture":{},"name":"defaultNormal.jpg"}},"type":"cube","position":[-2,36,2],"scale":[2,0.5,2],"rotation":[1,0,0,0,0,1,0,0,0,0,1,0,0,0,0,1],"rotationEulers":{"x":0,"y":0,"z":0},"parent":null,"model":null},{"name":"platform022","material":{"diffuse":[0.49803921580314636,0.9490196108818054,0.4901960790157318],"ambient":[0.10000000149011612,0.10000000149011612,0.10000000149011612],"specular":[0.10000000149011612,0.10000000149011612,0.10000000149011612],"n":12,"alpha":1,"shaderType":1,"diffuseTexture":{"texture":{},"name":"craneIconTealInverse.png"},"normalTexture":{"texture":{},"name":"defaultNormal.jpg"}},"type":"cube","position":[1,37,2],"scale":[1.5,0.5,1.5],"rotation":[1,0,0,0,0,1,0,0,0,0,1,0,0,0,0,1],"rotationEulers":{"x":0,"y":0,"z":0},"parent":null,"model":null},{"name":"platform023","material":{"diffuse":[0.49803921580314636,0.9490196108818054,0.4901960790157318],"ambient":[0.10000000149011612,0.10000000149011612,0.10000000149011612],"specular":[0.10000000149011612,0.10000000149011612,0.10000000149011612],"n":12,"alpha":1,"shaderType":1,"diffuseTexture":{"texture":{},"name":"craneIconTealInverse.png"},"normalTexture":{"texture":{},"name":"defaultNormal.jpg"}},"type":"cube","position":[1,39,-1],"scale":[2,0.5,2],"rotation":[1,0,0,0,0,1,0,0,0,0,1,0,0,0,0,1],"rotationEulers":{"x":0,"y":0,"z":0},"parent":null,"model":null},{"name":"platform024","material":{"diffuse":[0.49803921580314636,0.9490196108818054,0.4901960790157318],"ambient":[0.10000000149011612,0.10000000149011612,0.10000000149011612],"specular":[0.10000000149011612,0.10000000149011612,0.10000000149011612],"n":12,"alpha":1,"shaderType":1,"diffuseTexture":{"texture":{},"name":"craneIconTealInverse.png"},"normalTexture":{"texture":{},"name":"defaultNormal.jpg"}},"type":"cube","position":[-3,41,-1],"scale":[2,0.5,1],"rotation":[1,0,0,0,0,1,0,0,0,0,1,0,0,0,0,1],"rotationEulers":{"x":0,"y":0,"z":0},"parent":null,"model":null},{"name":"platform025","material":{"diffuse":[0.49803921580314636,0.9490196108818054,0.4901960790157318],"ambient":[0.10000000149011612,0.10000000149011612,0.10000000149011612],"specular":[0.10000000149011612,0.10000000149011612,0.10000000149011612],"n":12,"alpha":1,"shaderType":1,"diffuseTexture":{"texture":{},"name":"craneIconTealInverse.png"},"normalTexture":{"texture":{},"name":"defaultNormal.jpg"}},"type":"cube","position":[-3,43,3],"scale":[1,0.5,2],"rotation":[1,0,0,0,0,1,0,0,0,0,1,0,0,0,0,1],"rotationEulers":{"x":0,"y":0,"z":0},"parent":null,"model":null},{"name":"platform026","material":{"diffuse":[0.49803921580314636,0.9490196108818054,0.4901960790157318],"ambient":[0.10000000149011612,0.10000000149011612,0.10000000149011612],"specular":[0.10000000149011612,0.10000000149011612,0.10000000149011612],"n":12,"alpha":1,"shaderType":1,"diffuseTexture":{"texture":{},"name":"craneIconTealInverse.png"},"normalTexture":{"texture":{},"name":"defaultNormal.jpg"}},"type":"cube","position":[0,44,3],"scale":[1,0.5,2],"rotation":[1,0,0,0,0,1,0,0,0,0,1,0,0,0,0,1],"rotationEulers":{"x":0,"y":0,"z":0},"parent":null,"model":null},{"name":"platform027","material":{"diffuse":[0.49803921580314636,0.9490196108818054,0.4901960790157318],"ambient":[0.10000000149011612,0.10000000149011612,0.10000000149011612],"specular":[0.10000000149011612,0.10000000149011612,0.10000000149011612],"n":12,"alpha":1,"shaderType":1,"diffuseTexture":{"texture":{},"name":"craneIconTealInverse.png"},"normalTexture":{"texture":{},"name":"defaultNormal.jpg"}},"type":"cube","position":[1,46,0],"scale":[2,0.5,2],"rotation":[1,0,0,0,0,1,0,0,0,0,1,0,0,0,0,1],"rotationEulers":{"x":0,"y":0,"z":0},"parent":null,"model":null},{"name":"platform028","material":{"diffuse":[0.49803921580314636,0.9490196108818054,0.4901960790157318],"ambient":[0.10000000149011612,0.10000000149011612,0.10000000149011612],"specular":[0.10000000149011612,0.10000000149011612,0.10000000149011612],"n":12,"alpha":1,"shaderType":1,"diffuseTexture":{"texture":{},"name":"craneIconTealInverse.png"},"normalTexture":{"texture":{},"name":"defaultNormal.jpg"}},"type":"cube","position":[-1,48,-3],"scale":[2,0.5,2],"rotation":[1,0,0,0,0,1,0,0,0,0,1,0,0,0,0,1],"rotationEulers":{"x":0,"y":0,"z":0},"parent":null,"model":null},{"name":"platform029","material":{"diffuse":[0.49803921580314636,0.9490196108818054,0.4901960790157318],"ambient":[0.10000000149011612,0.10000000149011612,0.10000000149011612],"specular":[0.10000000149011612,0.10000000149011612,0.10000000149011612],"n":12,"alpha":1,"shaderType":1,"diffuseTexture":{"texture":{},"name":"craneIconTealInverse.png"},"normalTexture":{"texture":{},"name":"defaultNormal.jpg"}},"type":"cube","position":[-1,50,1],"scale":[2,0.5,2],"rotation":[1,0,0,0,0,1,0,0,0,0,1,0,0,0,0,1],"rotationEulers":{"x":0,"y":0,"z":0},"parent":null,"model":null},{"name":"platform030","material":{"diffuse":[1,0.95686274766922,0.501960813999176],"ambient":[0.10000000149011612,0.10000000149011612,0.10000000149011612],"specular":[0.10000000149011612,0.10000000149011612,0.10000000149011612],"n":12,"alpha":1,"shaderType":0,"diffuseTexture":{"texture":{},"name":"craneIconTealInverse.png"},"normalTexture":{"texture":{},"name":"defaultNormal.jpg"}},"type":"cube","position":[-1,52,-3],"scale":[4,0.5,4],"rotation":[1,0,0,0,0,1,0,0,0,0,1,0,0,0,0,1],"rotationEulers":{"x":0,"y":0,"z":0},"parent":null,"model":null},{"name":"wall1","material":{"diffuse":[0.5,0.5,0.5],"ambient":[0.10000000149011612,0.10000000149011612,0.10000000149011612],"specular":[0.10000000149011612,0.10000000149011612,0.10000000149011612],"n":12,"alpha":1,"shaderType":2,"diffuseTexture":{"texture":{},"name":"space_seamless.jpg"},"normalTexture":{"texture":{},"name":"defaultNormal.jpg"}},"type":"cube","position":[0,29,-5],"scale":[20,117,0.5],"rotation":[1,0,0,0,0,1,0,0,0,0,1,0,0,0,0,1],"rotationEulers":{"x":0,"y":0,"z":0},"parent":null,"model":null},{"name":"wall2","material":{"diffuse":[0.5,0.5,0.5],"ambient":[0.10000000149011612,0.10000000149011612,0.10000000149011612],"specular":[0.10000000149011612,0.10000000149011612,0.10000000149011612],"n":12,"alpha":1,"shaderType":2,"diffuseTexture":{"texture":{},"name":"space_seamless.jpg"},"normalTexture":{"texture":{},"name":"defaultNormal.jpg"}},"type":"cube","position":[-5,29,0],"scale":[0.5,117,20],"rotation":[1,0,0,0,0,1,0,0,0,0,1,0,0,0,0,1],"rotationEulers":{"x":0,"y":0,"z":0},"parent":null,"model":null},{"name":"wall3","material":{"diffuse":[0.5,0.5,0.5],"ambient":[0.10000000149011612,0.10000000149011612,0.10000000149011612],"specular":[0.10000000149011612,0.10000000149011612,0.10000000149011612],"n":12,"alpha":1,"shaderType":2,"diffuseTexture":{"texture":{},"name":"space_seamless.jpg"},"normalTexture":{"texture":{},"name":"defaultNormal.jpg"}},"type":"cube","position":[5,29,0],"scale":[0.5,117,20],"rotation":[1,0,0,0,0,1,0,0,0,0,1,0,0,0,0,1],"rotationEulers":{"x":0,"y":0,"z":0},"parent":null,"model":null},{"name":"wall4","material":{"diffuse":[0.5,0.5,0.5],"ambient":[0.10000000149011612,0.10000000149011612,0.10000000149011612],"specular":[0.10000000149011612,0.10000000149011612,0.10000000149011612],"n":12,"alpha":0.51,"shaderType":2,"diffuseTexture":{"texture":{},"name":"space_seamless.jpg"},"normalTexture":{"texture":{},"name":"defaultNormal.jpg"}},"type":"cube","position":[0,29,5],"scale":[20,117,0.5],"rotation":[1,0,0,0,0,1,0,0,0,0,1,0,0,0,0,1],"rotationEulers":{"x":0,"y":0,"z":0},"parent":null,"model":null},{"name":"enemy","material":{"diffuse":[1,0,0],"ambient":[0.10000000149011612,0.10000000149011612,0.10000000149011612],"specular":[0.10000000149011612,0.10000000149011612,0.10000000149011612],"n":12,"alpha":1,"shaderType":0,"diffuseTexture":{"texture":{},"name":"craneIconTealInverse.png"},"normalTexture":{"texture":{},"name":"defaultNormal.jpg"}},"type":"cube","position":[0,1,6],"scale":[1,1,1],"rotation":[1,0,0,0,0,1,0,0,0,0,1,0,0,0,0,1],"rotationEulers":{"x":0,"y":0,"z":0},"parent":null,"model":null},{"name":"roof","material":{"diffuse":[0.5,0.5,0.5],"ambient":[0.10000000149011612,0.10000000149011612,0.10000000149011612],"specular":[0.10000000149011612,0.10000000149011612,0.10000000149011612],"n":12,"alpha":1,"shaderType":2,"diffuseTexture":{"texture":{},"name":"space_seamless.jpg"},"normalTexture":{"texture":{},"name":"defaultNormal.jpg"}},"type":"plane","position":[0,57.5,0],"scale":[20,1,20],"rotation":[1,0,0,0,0,1,0,0,0,0,1,0,0,0,0,1],"rotationEulers":{"x":0,"y":0,"z":0},"parent":null,"model":null}],"pointLights":[{"name":"light1","colour":[0.6196078658103943,0.3333333432674408,0.6117647290229797],"position":[0,14,4],"strength":2,"quadratic":0.032,"linear":0.09,"constant":1,"nearPlane":0.1,"farPlane":1000,"shadow":false},{"name":"light2","colour":[0.32156863808631897,0.10980392247438431,0.2980392277240753],"position":[-2,33,-1],"strength":1,"quadratic":0.032,"linear":0.09,"constant":1,"nearPlane":0.1,"farPlane":1000,"shadow":false},{"name":"light3","colour":[0.37254902720451355,0.7058823704719543,0.3803921639919281],"position":[-1,52,-3],"strength":2,"quadratic":0.032,"linear":0.09,"constant":1,"nearPlane":0.1,"farPlane":1000,"shadow":false}],"skyBoxOn":false,"skyBoxPath":"defaultSkybox","sceneSettings":{"backgroundColor":[0,0,0]},"camera":{"name":"Camera","position":[-0.21576817333698273,50.426361083984375,3.1240646839141846],"front":[-0.1866166740655899,-0.960677981376648,-0.20560160279273987],"up":[0,1,0],"yaw":90,"pitch":0,"roll":0,"viewMatrix":{"0":0.740462601184845,"1":-0.6456761956214905,"2":0.1866193562746048,"3":0,"4":0.000012369869182293769,"5":0.2776642143726349,"6":0.9606918096542358,"7":0,"8":-0.6721044778823853,"9":-0.7113586068153381,"10":0.20560455322265625,"11":0,"12":2.2588424682617188,"13":-11.91858196258545,"14":-49.04624938964844,"15":1},"moveSpeed":5,"sensitivity":0.009}}