{"objects":[{"name":"Ground","material":{"diffuse":[0.5803921818733215,0.5803921818733215,0.5803921818733215],"ambient":[0.10000000149011612,0.10000000149011612,0.10000000149011612],"specular":[0.10000000149011612,0.10000000149011612,0.10000000149011612],"n":12,"alpha":1,"shaderType":2,"diffuseTexture":{"texture":{},"name":"space_seamless.jpg"},"normalTexture":{"texture":{},"name":"defaultNormal.jpg"}},"type":"plane","position":[0,0,0],"scale":[20,1,20],"rotation":[1,0,0,0,0,1,0,0,0,0,1,0,0,0,0,1],"rotationEulers":{"x":0,"y":0,"z":0},"parent":null,"model":null},{"name":"Player","material":{"diffuse":[1,1,1],"ambient":[0.10000000149011612,0.10000000149011612,0.10000000149011612],"specular":[0.10000000149011612,0.10000000149011612,0.10000000149011612],"n":12,"alpha":1,"shaderType":0,"diffuseTexture":{"texture":{},"name":"craneIconTealInverse.png"},"normalTexture":{"texture":{},"name":"defaultNormal.jpg"}},"type":"cube","position":[0,0.75,0],"scale":[1,1,1],"rotation":[1,0,0,0,0,1,0,0,0,0,1,0,0,0,0,1],"rotationEulers":{"x":0,"y":0,"z":0},"parent":null,"model":null},{"name":"platform001","material":{"diffuse":[0.5,0.5,0.5],"ambient":[0.10000000149011612,0.10000000149011612,0.10000000149011612],"specular":[0.10000000149011612,0.10000000149011612,0.10000000149011612],"n":12,"alpha":1,"shaderType":1,"diffuseTexture":{"texture":{},"name":"moss-meets-stone.jpg"},"normalTexture":{"texture":{},"name":"defaultNormal.jpg"}},"type":"cube","position":[0,2,3],"scale":[2,0.5,2],"rotation":[1,0,0,0,0,1,0,0,0,0,1,0,0,0,0,1],"rotationEulers":{"x":0,"y":0,"z":0},"parent":null,"model":null},{"name":"platform002","material":{"diffuse":[0.5,0.5,0.5],"ambient":[0.10000000149011612,0.10000000149011612,0.10000000149011612],"specular":[0.10000000149011612,0.10000000149011612,0.10000000149011612],"n":12,"alpha":1,"shaderType":1,"diffuseTexture":{"texture":{},"name":"moss-meets-stone.jpg"},"normalTexture":{"texture":{},"name":"defaultNormal.jpg"}},"type":"cube","position":[-3,4,3],"scale":[2,0.5,2],"rotation":[1,0,0,0,0,1,0,0,0,0,1,0,0,0,0,1],"rotationEulers":{"x":0,"y":0,"z":0},"parent":null,"model":null},{"name":"platform003","material":{"diffuse":[0.5,0.5,0.5],"ambient":[0.10000000149011612,0.10000000149011612,0.10000000149011612],"specular":[0.10000000149011612,0.10000000149011612,0.10000000149011612],"n":12,"alpha":1,"shaderType":1,"diffuseTexture":{"texture":{},"name":"craneIconTealInverse.png"},"normalTexture":{"texture":{},"name":"defaultNormal.jpg"}},"type":"cube","position":[-4,6,0],"scale":[2,0.5,2],"rotation":[1,0,0,0,0,1,0,0,0,0,1,0,0,0,0,1],"rotationEulers":{"x":0,"y":0,"z":0},"parent":null,"model":null},{"name":"platform004","material":{"diffuse":[0.5,0.5,0.5],"ambient":[0.10000000149011612,0.10000000149011612,0.10000000149011612],"specular":[0.10000000149011612,0.10000000149011612,0.10000000149011612],"n":12,"alpha":1,"shaderType":1,"diffuseTexture":{"texture":{},"name":"moss-meets-stone.jpg"},"normalTexture":{"texture":{},"name":"defaultNormal.jpg"}},"type":"cube","position":[2,6,0],"scale":[2,0.5,2],"rotation":[1,0,0,0,0,1,0,0,0,0,1,0,0,0,0,1],"rotationEulers":{"x":0,"y":0,"z":0},"parent":null,"model":null},{"name":"platform005","material":{"diffuse":[0.5,0.5,0.5],"ambient":[0.10000000149011612,0.10000000149011612,0.10000000149011612],"specular":[0.10000000149011612,0.10000000149011612,0.10000000149011612],"n":12,"alpha":1,"shaderType":1,"diffuseTexture":{"texture":{},"name":"moss-meets-stone.jpg"},"normalTexture":{"texture":{},"name":"defaultNormal.jpg"}},"type":"cube","position":[4,7,0],"scale":[2,0.5,2],"rotation":[1,0,0,0,0,1,0,0,0,0,1,0,0,0,0,1],"rotationEulers":{"x":0,"y":0,"z":0},"parent":null,"model":null},{"name":"platform006","material":{"diffuse":[0.5,0.5,0.5],"ambient":[0.10000000149011612,0.10000000149011612,0.10000000149011612],"specular":[0.10000000149011612,0.10000000149011612,0.10000000149011612],"n":12,"alpha":1,"shaderType":1,"diffuseTexture":{"texture":{},"name":"craneIconTealInverse.png"},"normalTexture":{"texture":{},"name":"defaultNormal.jpg"}},"type":"cube","position":[1,9,-2],"scale":[2,0.5,2],"rotation":[1,0,0,0,0,1,0,0,0,0,1,0,0,0,0,1],"rotationEulers":{"x":0,"y":0,"z":0},"parent":null,"model":null},{"name":"platform007","material":{"diffuse":[0.5,0.5,0.5],"ambient":[0.10000000149011612,0.10000000149011612,0.10000000149011612],"specular":[0.10000000149011612,0.10000000149011612,0.10000000149011612],"n":12,"alpha":1,"shaderType":1,"diffuseTexture":{"texture":{},"name":"craneIconTealInverse.png"},"normalTexture":{"texture":{},"name":"defaultNormal.jpg"}},"type":"cube","position":[-1,5,-3],"scale":[2,0.5,2],"rotation":[1,0,0,0,0,1,0,0,0,0,1,0,0,0,0,1],"rotationEulers":{"x":0,"y":0,"z":0},"parent":null,"model":null},{"name":"platform008","material":{"diffuse":[0.5,0.5,0.5],"ambient":[0.10000000149011612,0.10000000149011612,0.10000000149011612],"specular":[0.10000000149011612,0.10000000149011612,0.10000000149011612],"n":12,"alpha":1,"shaderType":1,"diffuseTexture":{"texture":{},"name":"craneIconTealInverse.png"},"normalTexture":{"texture":{},"name":"defaultNormal.jpg"}},"type":"cube","position":[-3,11,-4],"scale":[2,0.5,2],"rotation":[1,0,0,0,0,1,0,0,0,0,1,0,0,0,0,1],"rotationEulers":{"x":0,"y":0,"z":0},"parent":null,"model":null},{"name":"platform009","material":{"diffuse":[0.4901960790157318,0.4901960790157318,0.4901960790157318],"ambient":[0.10000000149011612,0.10000000149011612,0.10000000149011612],"specular":[0.10000000149011612,0.10000000149011612,0.10000000149011612],"n":12,"alpha":1,"shaderType":1,"diffuseTexture":{"texture":{},"name":"craneIconTealInverse.png"},"normalTexture":{"texture":{},"name":"defaultNormal.jpg"}},"type":"cube","position":[0,13,0],"scale":[2,0.5,2],"rotation":[1,0,0,0,0,1,0,0,0,0,1,0,0,0,0,1],"rotationEulers":{"x":0,"y":0,"z":0},"parent":null,"model":null},{"name":"platform010","material":{"diffuse":[1,0.95686274766922,0.501960813999176],"ambient":[0.10000000149011612,0.10000000149011612,0.10000000149011612],"specular":[0.10000000149011612,0.10000000149011612,0.10000000149011612],"n":12,"alpha":1,"shaderType":0,"diffuseTexture":{"texture":{},"name":"craneIconTealInverse.png"},"normalTexture":{"texture":{},"name":"defaultNormal.jpg"}},"type":"cube","position":[0,15,4],"scale":[3,0.5,3],"rotation":[1,0,0,0,0,1,0,0,0,0,1,0,0,0,0,1],"rotationEulers":{"x":0,"y":0,"z":0},"parent":null,"model":null},{"name":"platform011","material":{"diffuse":[0.9529411792755127,0.5098039507865906,0.9372549057006836],"ambient":[0.10000000149011612,0.10000000149011612,0.10000000149011612],"specular":[0.10000000149011612,0.10000000149011612,0.10000000149011612],"n":12,"alpha":1,"shaderType":1,"diffuseTexture":{"texture":{},"name":"craneIconTealInverse.png"},"normalTexture":{"texture":{},"name":"defaultNormal.jpg"}},"type":"cube","position":[0,16,0],"scale":[1.5,0.5,3],"rotation":[1,0,0,0,0,1,0,0,0,0,1,0,0,0,0,1],"rotationEulers":{"x":0,"y":0,"z":0},"parent":null,"model":null},{"name":"platform012","material":{"diffuse":[0.9529411792755127,0.5098039507865906,0.9372549057006836],"ambient":[0.10000000149011612,0.10000000149011612,0.10000000149011612],"specular":[0.10000000149011612,0.10000000149011612,0.10000000149011612],"n":12,"alpha":1,"shaderType":1,"diffuseTexture":{"texture":{},"name":"craneIconTealInverse.png"},"normalTexture":{"texture":{},"name":"defaultNormal.jpg"}},"type":"cube","position":[0,18,-4],"scale":[2,0.5,2],"rotation":[1,0,0,0,0,1,0,0,0,0,1,0,0,0,0,1],"rotationEulers":{"x":0,"y":0,"z":0},"parent":null,"model":null},{"name":"platform013","material":{"diffuse":[0.9529411792755127,0.5098039507865906,0.9372549057006836],"ambient":[0.10000000149011612,0.10000000149011612,0.10000000149011612],"specular":[0.10000000149011612,0.10000000149011612,0.10000000149011612],"n":12,"alpha":1,"shaderType":1,"diffuseTexture":{"texture":{},"name":"craneIconTealInverse.png"},"normalTexture":{"texture":{},"name":"defaultNormal.jpg"}},"type":"cube","position":[0,20,0],"scale":[2,0.5,2],"rotation":[1,0,0,0,0,1,0,0,0,0,1,0,0,0,0,1],"rotationEulers":{"x":0,"y":0,"z":0},"parent":null,"model":null},{"name":"platform014","material":{"diffuse":[0.9529411792755127,0.5098039507865906,0.9372549057006836],"ambient":[0.10000000149011612,0.10000000149011612,0.10000000149011612],"specular":[0.10000000149011612,0.10000000149011612,0.10000000149011612],"n":12,"alpha":1,"shaderType":1,"diffuseTexture":{"texture":{},"name":"craneIconTealInverse.png"},"normalTexture":{"texture":{},"name":"defaultNormal.jpg"}},"type":"cube","position":[-3,22,3],"scale":[2,0.5,2],"rotation":[1,0,0,0,0,1,0,0,0,0,1,0,0,0,0,1],"rotationEulers":{"x":0,"y":0,"z":0},"parent":null,"model":null},{"name":"platform015","material":{"diffuse":[0.9529411792755127,0.5098039507865906,0.9372549057006836],"ambient":[0.10000000149011612,0.10000000149011612,0.10000000149011612],"specular":[0.10000000149011612,0.10000000149011612,0.10000000149011612],"n":12,"alpha":1,"shaderType":1,"diffuseTexture":{"texture":{},"name":"craneIconTealInverse.png"},"normalTexture":{"texture":{},"name":"defaultNormal.jpg"}},"type":"cube","position":[-2,24,-1],"scale":[2,0.5,2],"rotation":[1,0,0,0,0,1,0,0,0,0,1,0,0,0,0,1],"rotationEulers":{"x":0,"y":0,"z":0},"parent":null,"model":null},{"name":"platform016","material":{"diffuse":[0.9529411792755127,0.5098039507865906,0.9372549057006836],"ambient":[0.10000000149011612,0.10000000149011612,0.10000000149011612],"specular":[0.10000000149011612,0.10000000149011612,0.10000000149011612],"n":12,"alpha":1,"shaderType":1,"diffuseTexture":{"texture":{},"name":"craneIconTealInverse.png"},"normalTexture":{"texture":{},"name":"defaultNormal.jpg"}},"type":"cube","position":[2,26,-1],"scale":[2,0.5,1],"rotation":[1,0,0,0,0,1,0,0,0,0,1,0,0,0,0,1],"rotationEulers":{"x":0,"y":0,"z":0},"parent":null,"model":null},{"name":"platform017","material":{"diffuse":[0.9529411792755127,0.5098039507865906,0.9372549057006836],"ambient":[0.10000000149011612,0.10000000149011612,0.10000000149011612],"specular":[0.10000000149011612,0.10000000149011612,0.10000000149011612],"n":12,"alpha":1,"shaderType":1,"diffuseTexture":{"texture":{},"name":"craneIconTealInverse.png"},"normalTexture":{"texture":{},"name":"defaultNormal.jpg"}},"type":"cube","position":[-2,28,-1],"scale":[2,0.5,2],"rotation":[1,0,0,0,0,1,0,0,0,0,1,0,0,0,0,1],"rotationEulers":{"x":0,"y":0,"z":0},"parent":null,"model":null},{"name":"platform018","material":{"diffuse":[0.9529411792755127,0.5098039507865906,0.9372549057006836],"ambient":[0.10000000149011612,0.10000000149011612,0.10000000149011612],"specular":[0.10000000149011612,0.10000000149011612,0.10000000149011612],"n":12,"alpha":1,"shaderType":1,"diffuseTexture":{"texture":{},"name":"craneIconTealInverse.png"},"normalTexture":{"texture":{},"name":"defaultNormal.jpg"}},"type":"cube","position":[-2,30,3],"scale":[2,0.5,2],"rotation":[1,0,0,0,0,1,0,0,0,0,1,0,0,0,0,1],"rotationEulers":{"x":0,"y":0,"z":0},"parent":null,"model":null},{"name":"platform019","material":{"diffuse":[0.9529411792755127,0.5098039507865906,0.9372549057006836],"ambient":[0.10000000149011612,0.10000000149011612,0.10000000149011612],"specular":[0.10000000149011612,0.10000000149011612,0.10000000149011612],"n":12,"alpha":1,"shaderType":1,"diffuseTexture":{"texture":{},"name":"craneIconTealInverse.png"},"normalTexture":{"texture":{},"name":"defaultNormal.jpg"}},"type":"cube","position":[1,32,1],"scale":[2,0.5,2],"rotation":[1,0,0,0,0,1,0,0,0,0,1,0,0,0,0,1],"rotationEulers":{"x":0,"y":0,"z":0},"parent":null,"model":null},{"name":"platform020","material":{"diffuse":[1,0.95686274766922,0.501960813999176],"ambient":[0.10000000149011612,0.10000000149011612,0.10000000149011612],"specular":[0.10000000149011612,0.10000000149011612,0.10000000149011612],"n":12,"alpha":1,"shaderType":0,"diffuseTexture":{"texture":{},"name":"craneIconTealInverse.png"},"normalTexture":{"texture":{},"name":"defaultNormal.jpg"}},"type":"cube","position":[-2,34,-1],"scale":[3,0.5,3],"rotation":[1,0,0,0,0,1,0,0,0,0,1,0,0,0,0,1],"rotationEulers":{"x":0,"y":0,"z":0},"parent":null,"model":null},{"name":"platform021","material":{"diffuse":[0.49803921580314636,0.9490196108818054,0.4901960790157318],"ambient":[0.10000000149011612,0.10000000149011612,0.10000000149011612],"specular":[0.10000000149011612,0.10000000149011612,0.10000000149011612],"n":12,"alpha":1,"shaderType":1,"diffuseTexture":{"texture":{},"name":"craneIconTealInverse.png"},"normalTexture":{"texture":{},"name":"defaultNormal.jpg"}},"type":"cube","position":[-2,36,2],"scale":[2,0.5,2],"rotation":[1,0,0,0,0,1,0,0,0,0,1,0,0,0,0,1],"rotationEulers":{"x":0,"y":0,"z":0},"parent":null,"model":null},{"name":"platform022","material":{"diffuse":[0.49803921580314636,0.9490196108818054,0.4901960790157318],"ambient":[0.10000000149011612,0.10000000149011612,0.10000000149011612],"specular":[0.10000000149011612,0.10000000149011612,0.10000000149011612],"n":12,"alpha":1,"shaderType":1,"diffuseTexture":{"texture":{},"name":"craneIconTealInverse.png"},"normalTexture":{"texture":{},"name":"defaultNormal.jpg"}},"type":"cube","position":[1,37,2],"scale":[1.5,0.5,1.5],"rotation":[1,0,0,0,0,1,0,0,0,0,1,0,0,0,0,1],"rotationEulers":{"x":0,"y":0,"z":0},"parent":null,"model":null},{"name":"platform023","material":{"diffuse":[0.49803921580314636,0.9490196108818054,0.4901960790157318],"ambient":[0.10000000149011612,0.10000000149011612,0.10000000149011612],"specular":[0.10000000149011612,0.10000000149011612,0.10000000149011612],"n":12,"alpha":1,"shaderType":1,"diffuseTexture":{"texture":{},"name":"craneIconTealInverse.png"},"normalTexture":{"texture":{},"name":"defaultNormal.jpg"}},"type":"cube","position":[1,39,-1],"scale":[2,0.5,2],"rotation":[1,0,0,0,0,1,0,0,0,0,1,0,0,0,0,1],"rotationEulers":{"x":0,"y":0,"z":0},"parent":null,"model":null},{"name":"platform024","material":{"diffuse":[0.49803921580314636,0.9490196108818054,0.4901960790157318],"ambient":[0.10000000149011612,0.10000000149011612,0.10000000149011612],"specular":[0.10000000149011612,0.10000000149011612,0.10000000149011612],"n":12,"alpha":1,"shaderType":1,"diffuseTexture":{"texture":{},"name":"craneIconTealInverse.png"},"normalTexture":{"texture":{},"name":"defaultNormal.jpg"}},"type":"cube","position":[-3,41,-1],"scale":[2,0.5,1],"rotation":[1,0,0,0,0,1,0,0,0,0,1,0,0,0,0,1],"rotationEulers":{"x":0,"y":0,"z":0},"parent":null,"model":null},{"name":"platform025","material":{"diffuse":[0.49803921580314636,0.9490196108818054,0.4901960790157318],"ambient":[0.10000000149011612,0.10000000149011612,0.10000000149011612],"specular":[0.10000000149011612,0.10000000149011612,0.10000000149011612],"n":12,"alpha":1,"shaderType":1,"diffuseTexture":{"texture":{},"name":"craneIconTealInverse.png"},"normalTexture":{"texture":{},"name":"defaultNormal.jpg"}},"type":"cube","position":[-3,43,3],"scale":[1,0.5,2],"rotation":[1,0,0,0,0,1,0,0,0,0,1,0,0,0,0,1],"rotationEulers":{"x":0,"y":0,"z":0},"parent":null,"model":null},{"name":"platform026","material":{"diffuse":[0.49803921580314636,0.9490196108818054,0.4901960790157318],"ambient":[0.10000000149011612,0.10000000149011612,0.10000000149011612],"specular":[0.10000000149011612,0.10000000149011612,0.10000000149011612],"n":12,"alpha":1,"shaderType":1,"diffuseTexture":{"texture":{},"name":"craneIconTealInverse.png"},"normalTexture":{"texture":{},"name":"defaultNormal.jpg"}},"type":"cube","position":[0,44,3],"scale":[1,0.5,2],"rotation":[1,0,0,0,0,1,0,0,0,0,1,0,0,0,0,1],"rotationEulers":{"x":0,"y":0,"z":0},"parent":null,"model":null},{"name":"platform027","material":{"diffuse":[0.49803921580314636,0.9490196108818054,0.4901960790157318],"ambient":[0.10000000149011612,0.10000000149011612,0.10000000149011612],"specular":[0.10000000149011612,0.10000000149011612,0.10000000149011612],"n":12,"alpha":1,"shaderType":1,"diffuseTexture":{"texture":{},"name":"craneIconTealInverse.png"},"normalTexture":{"texture":{},"name":"defaultNormal.jpg"}},"type":"cube","position":[1,46,0],"scale":[2,0.5,2],"rotation":[1,0,0,0,0,1,0,0,0,0,1,0,0,0,0,1],"rotationEulers":{"x":0,"y":0,"z":0},"parent":null,"model":null},{"name":"platform028","material":{"diffuse":[0.49803921580314636,0.9490196108818054,0.4901960790157318],"ambient":[0.10000000149011612,0.10000000149011612,0.10000000149011612],"specular":[0.10000000149011612,0.10000000149011612,0.10000000149011612],"n":12,"alpha":1,"shaderType":1,"diffuseTexture":{"texture":{},"name":"craneIconTealInverse.png"},"normalTexture":{"texture":{},"name":"defaultNormal.jpg"}},"type":"cube","position":[-1,48,-3],"scale":[2,0.5,2],"rotation":[1,0,0,0,0,1,0,0,0,0,1,0,0,0,0,1],"rotationEulers":{"x":0,"y":0,"z":0},"parent":null,"model":null},{"name":"platform029","material":{"diffuse":[0.49803921580314636,0.9490196108818054,0.4901960790157318],"ambient":[0.10000000149011612,0.10000000149011612,0.10000000149011612],"specular":[0.10000000149011612,0.10000000149011612,0.10000000149011612],"n":12,"alpha":1,"shaderType":1,"diffuseTexture":{"texture":{},"name":"craneIconTealInverse.png"},"normalTexture":{"texture":{},"name":"defaultNormal.jpg"}},"type":"cube","position":[-1,50,1],"scale":[2,0.5,2],"rotation":[1,0,0,0,0,1,0,0,0,0,1,0,0,0,0,1],"rotationEulers":{"x":0,"y":0,"z":0},"parent":null,"model":null},{"name":"platform030","material":{"diffuse":[1,0.95686274766922,0.501960813999176],"ambient":[0.10000000149011612,0.10000000149011612,0.10000000149011612],"specular":[0.10000000149011612,0.10000000149011612,0.10000000149011612],"n":12,"alpha":1,"shaderType":0,"diffuseTexture":{"texture":{},"name":"craneIconTealInverse.png"},"normalTexture":{"texture":{},"name":"defaultNormal.jpg"}},"type":"cube","position":[-1,52,-3],"scale":[4,0.5,4],"rotation":[1,0,0,0,0,1,0,0,0,0,1,0,0,0,0,1],"rotationEulers":{"x":0,"y":0,"z":0},"parent":null,"model":null},{"name":"wall1","material":{"diffuse":[0.5,0.5,0.5],"ambient":[0.10000000149011612,0.10000000149011612,0.10000000149011612],"specular":[0.10000000149011612,0.10000000149011612,0.10000000149011612],"n":12,"alpha":1,"shaderType":2,"diffuseTexture":{"texture":{},"name":"space_seamless.jpg"},"normalTexture":{"texture":{},"name":"defaultNormal.jpg"}},"type":"cube","position":[0,29,-5],"scale":[20,117,0.5],"rotation":[1,0,0,0,0,1,0,0,0,0,1,0,0,0,0,1],"rotationEulers":{"x":0,"y":0,"z":0},"parent":null,"model":null},{"name":"wall2","material":{"diffuse":[0.5,0.5,0.5],"ambient":[0.10000000149011612,0.10000000149011612,0.10000000149011612],"specular":[0.10000000149011612,0.10000000149011612,0.10000000149011612],"n":12,"alpha":1,"shaderType":2,"diffuseTexture":{"texture":{},"name":"space_seamless.jpg"},"normalTexture":{"texture":{},"name":"defaultNormal.jpg"}},"type":"cube","position":[-5,29,0],"scale":[0.5,117,20],"rotation":[1,0,0,0,0,1,0,0,0,0,1,0,0,0,0,1],"rotationEulers":{"x":0,"y":0,"z":0},"parent":null,"model":null},{"name":"wall3","material":{"diffuse":[0.5,0.5,0.5],"ambient":[0.10000000149011612,0.10000000149011612,0.10000000149011612],"specular":[0.10000000149011612,0.10000000149011612,0.10000000149011612],"n":12,"alpha":1,"shaderType":2,"diffuseTexture":{"texture":{},"name":"space_seamless.jpg"},"normalTexture":{"texture":{},"name":"defaultNormal.jpg"}},"type":"cube","position":[5,29,0],"scale":[0.5,117,20],"rotation":[1,0,0,0,0,1,0,0,0,0,1,0,0,0,0,1],"rotationEulers":{"x":0,"y":0,"z":0},"parent":null,"model":null},{"name":"wall4","material":{"diffuse":[0.5,0.5,0.5],"ambient":[0.10000000149011612,0.10000000149011612,0.10000000149011612],"specular":[0.10000000149011612,0.10000000149011612,0.10000000149011612],"n":12,"alpha":0.51,"shaderType":2,"diffuseTexture":{"texture":{},"name":"space_seamless.jpg"},"normalTexture":{"texture":{},"name":"defaultNormal.jpg"}},"type":"cube","position":[0,29,5],"scale":[20,117,0.5],"rotation":[1,0,0,0,0,1,0,0,0,0,1,0,0,0,0,1],"rotationEulers":{"x":0,"y":0,"z":0},"parent":null,"model":null},{"name":"enemy","material":{"diffuse":[1,0,0],"ambient":[0.10000000149011612,0.10000000149011612,0.10000000149011612],"specular":[0.10000000149011612,0.10000000149011612,0.10000000149011612],"n":12,"alpha":1,"shaderType":0,"diffuseTexture":{"texture":{},"name":"craneIconTealInverse.png"},"normalTexture":{"texture":{},"name":"defaultNormal.jpg"}},"type":"cube","position":[0,1,6],"scale":[1,1,1],"rotation":[1,0,0,0,0,1,0,0,0,0,1,0,0,0,0,1],"rotationEulers":{"x":0,"y":0,"z":0},"parent":null,"model":null},{"name":"roof","material":{"diffuse":[0.5,0.5,0.5],"ambient":[0.10000000149011612,0.10000000149011612,0.10000000149011612],"specular":[0.10000000149011612,0.10000000149011612,0.10000000149011612],"n":12,"alpha":1,"shaderType":2,"diffuseTexture":{"texture":{},"name":"space_seamless.jpg"},"normalTexture":{"texture":{},"name":"defaultNormal.jpg"}},"type":"plane","position":[0,57.5,0],"scale":[20,1,20],"rotation":[1,0,0,0,0,1,0,0,0,0,1,0,0,0,0,1],"rotationEulers":{"x":0,"y":0,"z":0},"parent":null,"model":null}],"pointLights":[{"name":"light1","colour":[0.6352941393852234,0.40392157435417175,0.6039215922355652],"position":[0,14,4],"strength":8,"quadratic":0.032,"linear":0.09,"constant":1,"nearPlane":0.1,"farPlane":1000,"shadow":false},{"name":"light2","colour":[0.21568627655506134,0.40784314274787903,0.34117648005485535],"position":[-2,33,-1],"strength":8,"quadratic":0.032,"linear":0.09,"constant":1,"nearPlane":0.1,"farPlane":1000,"shadow":false},{"name":"light3","colour":[0.1764705926179886,0.18039216101169586,0.08235294371843338],"position":[-1,52,-3],"strength":8,"quadratic":0.032,"linear":0.09,"constant":1,"nearPlane":0.1,"farPlane":1000,"shadow":false}],"skyBoxOn":false,"skyBoxPath":"defaultSkybox","sceneSettings":{"backgroundColor":[0,0,0]},"camera":{"name":"Camera","position":[9.340517044067383,59.02244186401367,13.579649925231934],"front":[-0.5774136781692505,-0.37968119978904724,-0.7227970957756042],"up":[0,1,0],"yaw":90,"pitch":0,"roll":0,"viewMatrix":{"0":0.7813030481338501,"1":-0.2369789183139801,"2":0.5774136781692505,"3":0,"4":2.5096326794482593e-7,"5":0.9251173734664917,"6":0.37968119978904724,"7":0,"8":-0.624151885509491,"9":-0.2966459393501282,"10":0.7227970957756042,"11":0,"12":1.1779747009277344,"13":-48.360836029052734,"14":-37.618385314941406,"15":1},"moveSpeed":5,"sensitivity":0.009}}